{"cameraMode":{"drawMode":0,"name":"Shaded","section":"Shading Mode"},"sceneLighting":true,"audioPlay":false,"sceneViewState":{"m_AlwaysRefresh":false,"showFog":true,"showSkybox":true,"showFlares":true,"showImageEffects":true,"showParticleSystems":true,"showVisualEffectGraphs":true,"m_FxEnabled":true},"in2DMode":false,"pivot":{"x":-32.202903747558597,"y":8.195714950561524,"z":-5.251947402954102},"rotation":{"x":0.07349313050508499,"y":-0.8747668862342835,"z":0.14025118947029115,"w":0.4580797553062439},"size":41.886314392089847,"orthographic":true}