{"cameraMode":{"drawMode":0,"name":"Shaded","section":"Shading Mode"},"sceneLighting":true,"audioPlay":false,"sceneViewState":{"m_AlwaysRefresh":false,"showFog":true,"showSkybox":true,"showFlares":true,"showImageEffects":true,"showParticleSystems":true,"showVisualEffectGraphs":true,"m_FxEnabled":true},"in2DMode":false,"pivot":{"x":-26.5805606842041,"y":-1.4735946655273438,"z":6.404169082641602},"rotation":{"x":0.0008369524730369449,"y":-0.9881122708320618,"z":0.15388955175876618,"w":0.005334507208317518},"size":45.47830581665039,"orthographic":false}